Company,CompanyRating,CompanyReviewCount,Currency,JobLocation,JobPosted,JobTitle,MaxSalary,MinSalary,SalaryType,WorkModel
Expleo,3,173,,"Dublin, County Dublin",4 days ago,Backend Java Developer,Not Disclosed,Not Disclosed,Not Disclosed,Not Disclosed
Translation Services USA,0,0,,"Dublin, County Dublin",30+ days ago,Java UI developer,Not Disclosed,Not Disclosed,Not Disclosed,Not Disclosed
Accenture,4,27297,,"Dublin, County Dublin",30+ days ago,Java Application Developer,Not Disclosed,Not Disclosed,Not Disclosed,Not Disclosed
NTT DATA,3.5,4669,,"Dublin, County Dublin",30+ days ago,Java Developer,Not Disclosed,Not Disclosed,Not Disclosed,Not Disclosed
Mastercard,4,795,,"Dublin, County Dublin",30+ days ago,"Software Engineer, Launch Program 2025 - Dublin, Ireland",Not Disclosed,Not Disclosed,Not Disclosed,Not Disclosed
Expleo,3,173,,"Dublin, County Dublin",4 days ago,Full stack Java Developer,Not Disclosed,Not Disclosed,Not Disclosed,Not Disclosed
Harvway,0,0,,"Dublin, County Dublin",30+ days ago,Java Developer,Not Disclosed,Not Disclosed,Not Disclosed,Not Disclosed
EY,3.9,10236,,"DUBLIN 2, County Dublin",19 days ago,"Technology Consulting- Java Developer, Assistant Mng/Manager",Not Disclosed,Not Disclosed,Not Disclosed,Hybrid work
Advanced Solutions International,0,0,,"Dublin, County Dublin",23 days ago,Software Developer,Not Disclosed,Not Disclosed,Not Disclosed,Remote
SS&C,3.2,1633,,"Dublin, County Dublin",1 day ago,PA2025Q1JB023 - Back End / Digital Developer,Not Disclosed,Not Disclosed,Not Disclosed,Not Disclosed
Mastercard,4,795,,"Dublin, County Dublin",10 days ago,Senior Software Engineer (Java),Not Disclosed,Not Disclosed,Not Disclosed,Not Disclosed
Workday,3.9,202,,"Dublin, County Dublin",1 day ago,Software Development Engineer,Not Disclosed,Not Disclosed,Not Disclosed,Not Disclosed
Microsoft,4.2,8633,,"Dublin, County Dublin",30+ days ago,Software Engineer,Not Disclosed,Not Disclosed,Not Disclosed,Not Disclosed
RELX,0,0,,"Dublin, County Dublin",10 days ago,Software Engineer II,Not Disclosed,Not Disclosed,Not Disclosed,Not Disclosed
Mastercard,4,795,,"Dublin, County Dublin",30+ days ago,Senior Software Engineer,Not Disclosed,Not Disclosed,Not Disclosed,Not Disclosed
Citi,3.9,20153,,"Dublin, County Dublin",9 days ago,Senior Java/Oracle Developer,Not Disclosed,Not Disclosed,Not Disclosed,Not Disclosed
Google,4.3,5764,,"Dublin, County Dublin",16 days ago,"Software Engineer II, Rollouts Production Health",Not Disclosed,Not Disclosed,Not Disclosed,Not Disclosed
RELX,0,0,,"Dublin, County Dublin",10 days ago,Software Engineer II,Not Disclosed,Not Disclosed,Not Disclosed,Not Disclosed
Susquehanna International Group,3.8,69,,"Dublin, County Dublin",30+ days ago,Software Developer | ESS | Experienced,Not Disclosed,Not Disclosed,Not Disclosed,Not Disclosed
Mastercard,4,795,,"Dublin, County Dublin",10 days ago,Lead Software Engineer (Java),Not Disclosed,Not Disclosed,Not Disclosed,Not Disclosed
Microsoft,4.2,8633,,"Dublin, County Dublin",Just posted,Software Engineer II,Not Disclosed,Not Disclosed,Not Disclosed,Not Disclosed
Deloitte,3.9,13573,,"Dublin, County Dublin",30+ days ago,"Java Developer, Cloud & Engineering, Hybrid (Dublin West/ Kildare)",Not Disclosed,Not Disclosed,Not Disclosed,Not Disclosed
Rapid7,0,0,,"Dublin, County Dublin",30+ days ago,Software Engineer II,Not Disclosed,Not Disclosed,Not Disclosed,Not Disclosed
Risk Solutions,0,0,,"Dublin, County Dublin",10 days ago,Software Engineer II,Not Disclosed,Not Disclosed,Not Disclosed,Not Disclosed
EY,3.9,10236,,"DUBLIN 2, County Dublin",19 days ago,Technology Consulting- Java Developer 2,Not Disclosed,Not Disclosed,Not Disclosed,Hybrid work
Hertz,3.2,8659,,County Dublin,30+ days ago,Software Engineer– Backend Telematics & Connectivity,Not Disclosed,Not Disclosed,Not Disclosed,Hybrid work
Mastercard,4,795,,"Dublin, County Dublin",30+ days ago,R&D Lead Web UI Developer,Not Disclosed,Not Disclosed,Not Disclosed,Not Disclosed
Salesforce,4.2,1246,,"Dublin, County Dublin",30 days ago,Backend Software Development Engineer SMTS,Not Disclosed,Not Disclosed,Not Disclosed,Not Disclosed
Workhuman,4.2,36,,"Dublin, County Dublin",30+ days ago,Software Engineer III,Not Disclosed,Not Disclosed,Not Disclosed,Not Disclosed
Workhuman,4.2,36,,"Dublin, County Dublin",11 days ago,Software Engineer III,Not Disclosed,Not Disclosed,Not Disclosed,Not Disclosed
State Street,3.5,3173,,"DUBLIN 2, County Dublin",30+ days ago,"Software Engineer, Charles River Development, Officer",Not Disclosed,Not Disclosed,Not Disclosed,Not Disclosed
Salesforce,4.2,1246,,"Dublin, County Dublin",30 days ago,Backend Software Development Engineer SMTS,Not Disclosed,Not Disclosed,Not Disclosed,Not Disclosed
SCOR,0,0,,"Dublin, County Dublin",30+ days ago,IT Systems Engineer (Java & Python),Not Disclosed,Not Disclosed,Not Disclosed,Not Disclosed
"Mastercard, Inc.",4,795,,"Dublin, County Dublin",8 days ago,Senior Software Engineer (Java),Not Disclosed,Not Disclosed,Not Disclosed,Not Disclosed
Google,4.3,5764,,"Dublin, County Dublin",4 days ago,"Senior Software Engineer, Endpoint Security Agents",Not Disclosed,Not Disclosed,Not Disclosed,Not Disclosed
DocuSign,3.6,134,,"Dublin, County Dublin",9 days ago,Senior Software Engineer – Frontend / UX (JavaScript),Not Disclosed,Not Disclosed,Not Disclosed,Not Disclosed
Microsoft,4.2,8633,,"Dublin, County Dublin",19 days ago,Senior Software Engineer,Not Disclosed,Not Disclosed,Not Disclosed,Not Disclosed
Amazon Data Services Ireland Limited,3.5,51341,,"Dublin, County Dublin",23 days ago,"Software Development Engineer, RDS Platform",Not Disclosed,Not Disclosed,Not Disclosed,Not Disclosed
Mold-Tek Technologies Ltd,0,0,,"Dublin, County Dublin",30+ days ago,Senior Salesforce Developer,Not Disclosed,Not Disclosed,Not Disclosed,Not Disclosed
TikTok,3.3,259,,"Dublin, County Dublin",30+ days ago,"Senior Software Engineer, Stability - Global Payments",Not Disclosed,Not Disclosed,Not Disclosed,Not Disclosed
Meta,4.1,756,,"Dublin, County Dublin",23 days ago,Production Systems Engineer Intern,Not Disclosed,Not Disclosed,Not Disclosed,Not Disclosed
Workhuman,4.2,36,,"Dublin, County Dublin",30+ days ago,Senior Software Engineer,Not Disclosed,Not Disclosed,Not Disclosed,Not Disclosed
General Motors,4,10863,,"Dublin, County Dublin",23 days ago,Senior Software Engineer,Not Disclosed,Not Disclosed,Not Disclosed,Not Disclosed
Citi,3.9,20153,,"Dublin, County Dublin",30+ days ago,Java Technical Lead,Not Disclosed,Not Disclosed,Not Disclosed,Not Disclosed
Ericsson,4.1,7155,,"Dublin, County Dublin",8 days ago,Cloud Integration Engineer Intern,Not Disclosed,Not Disclosed,Not Disclosed,Not Disclosed
General Motors,4,10863,,"Dublin, County Dublin",23 days ago,Senior Software Engineer,Not Disclosed,Not Disclosed,Not Disclosed,Not Disclosed
Google,4.3,5764,,"Dublin, County Dublin",8 days ago,"Machine Learning Solutions Engineer, Google Cloud Learning Services",Not Disclosed,Not Disclosed,Not Disclosed,Not Disclosed
Hertz,3.2,8659,,County Dublin,30+ days ago,Senior Software Engineer,Not Disclosed,Not Disclosed,Not Disclosed,Hybrid work
Amazon Data Services Ireland Limited,3.5,51341,,"Dublin, County Dublin",23 days ago,"Software Development Engineer, RDS Platform",Not Disclosed,Not Disclosed,Not Disclosed,Not Disclosed
National Broadband Ireland,0,0,,"Dublin, County Dublin",30+ days ago,IT Dev Support Engineer,Not Disclosed,Not Disclosed,Not Disclosed,Not Disclosed
Fishtree,0,0,,"Dublin, County Dublin",30+ days ago,Full Stack Software Engineer,Not Disclosed,Not Disclosed,Not Disclosed,Not Disclosed
Citi,3.9,20153,,"Dublin, County Dublin",30+ days ago,Java Technical Lead,Not Disclosed,Not Disclosed,Not Disclosed,Not Disclosed
Ericsson,4.1,7155,,"Dublin, County Dublin",8 days ago,Cloud Integration Engineer Intern,Not Disclosed,Not Disclosed,Not Disclosed,Not Disclosed
Skillspark AB,0,0,,"Dublin, County Dublin",12 days ago,CRM Developer,Not Disclosed,Not Disclosed,Not Disclosed,Not Disclosed
Expleo,3,173,,"Dublin, County Dublin",1 day ago,Software Development Engineer in Test (SDET),Not Disclosed,Not Disclosed,Not Disclosed,Not Disclosed
Coca-Cola,3.8,10731,,"Dublin, County Dublin",17 days ago,"Consultant, Full Stack Developer - Azure",Not Disclosed,Not Disclosed,Not Disclosed,Not Disclosed
Microsoft,4.2,8633,,"Dublin, County Dublin",30+ days ago,Senior Software Engineer,Not Disclosed,Not Disclosed,Not Disclosed,Not Disclosed
Amazon Development Centre Ireland Limited - D94,3.5,51341,,"Dublin, County Dublin",30+ days ago,Systems Development Engineer,Not Disclosed,Not Disclosed,Not Disclosed,Not Disclosed
Mold-Tek Technologies Ltd,0,0,,"Dublin, County Dublin",30+ days ago,Senior Salesforce Developer,Not Disclosed,Not Disclosed,Not Disclosed,Not Disclosed
Microsoft,4.2,8633,,"Dublin, County Dublin",30+ days ago,Software Engineer - Frontend,Not Disclosed,Not Disclosed,Not Disclosed,Not Disclosed
Microsoft,4.2,8633,,"Dublin, County Dublin",30+ days ago,Senior Software Engineer,Not Disclosed,Not Disclosed,Not Disclosed,Not Disclosed
Apple,4.1,13448,,"Dublin, County Dublin",25 days ago,"Site Reliability Engineer (SRE) - Security, Apple Service Engineering",Not Disclosed,Not Disclosed,Not Disclosed,Not Disclosed
Groupon,3.6,903,,"Dublin, County Dublin",30+ days ago,Software Development Engineer III - ETL Engineer,Not Disclosed,Not Disclosed,Not Disclosed,Not Disclosed
PwC,3.9,9836,,"Dublin, County Dublin",5 days ago,IT Technology Manager,Not Disclosed,Not Disclosed,Not Disclosed,Not Disclosed
Expleo,3,173,,"Dublin, County Dublin",4 days ago,Automation Engineer,Not Disclosed,Not Disclosed,Not Disclosed,Not Disclosed
Groupon,3.6,903,,"Dublin, County Dublin",30+ days ago,"Software Engineer, Cloud Platform",Not Disclosed,Not Disclosed,Not Disclosed,Not Disclosed
Citi,3.9,20153,,"Dublin, County Dublin",24 days ago,Senior Software Engineer - (Hybrid),Not Disclosed,Not Disclosed,Not Disclosed,Not Disclosed
Gen Digital,3.9,1288,,"Dublin, County Dublin",30+ days ago,Senior Software Engineer Android,Not Disclosed,Not Disclosed,Not Disclosed,Not Disclosed
Amazon Web Services EMEA SARL (Irish Branch),3.5,51341,,"Dublin, County Dublin",30+ days ago,"Operations Engineer , AWS Managed Services",Not Disclosed,Not Disclosed,Not Disclosed,Not Disclosed
Mastercard,4,795,,"Dublin, County Dublin",17 days ago,"Vice President, Software Development Engineering",Not Disclosed,Not Disclosed,Not Disclosed,Not Disclosed
Workday,3.9,202,,"Dublin, County Dublin",30+ days ago,"Software Development Engineer, DevOps",Not Disclosed,Not Disclosed,Not Disclosed,Not Disclosed
Google,4.3,5764,,"Dublin, County Dublin",30+ days ago,"Technical Solutions Engineer, Cloud Databases (English, Mandarin)",Not Disclosed,Not Disclosed,Not Disclosed,Not Disclosed
Integral Ad Science,0,0,,"Dublin, County Dublin",30+ days ago,Senior Software Engineer,Not Disclosed,Not Disclosed,Not Disclosed,Not Disclosed
ING,0,0,,"Dublin, County Dublin",30+ days ago,Full Stack Engineer - Senior Developer,Not Disclosed,Not Disclosed,Not Disclosed,Not Disclosed
Irish Life,4.1,23,,"Dublin, County Dublin",29 days ago,Software Development Engineer in Test (SDET),Not Disclosed,Not Disclosed,Not Disclosed,Hybrid work
Mastercard,4,795,,"Dublin, County Dublin",30+ days ago,Senior Software Engineer- Full- Stack,Not Disclosed,Not Disclosed,Not Disclosed,Not Disclosed
SoftCo,4.5,6,,"Dublin, County Dublin",30+ days ago,Development Team Lead,Not Disclosed,Not Disclosed,Not Disclosed,Not Disclosed
Citi,3.9,20153,,"Dublin, County Dublin",24 days ago,Senior Software Engineer - (Hybrid),Not Disclosed,Not Disclosed,Not Disclosed,Not Disclosed
"Mastercard, Inc.",4,795,,"Dublin, County Dublin",2 days ago,Senior Software Engineer,Not Disclosed,Not Disclosed,Not Disclosed,Not Disclosed
Integral Ad Science,0,0,,"Dublin, County Dublin",30+ days ago,Senior Software Engineer,Not Disclosed,Not Disclosed,Not Disclosed,Not Disclosed
Amazon Development Centre Ireland Limited,3.5,51341,,"Dublin, County Dublin",30 days ago,"Software Development Engineer, GCNA Network Availability Engineer",Not Disclosed,Not Disclosed,Not Disclosed,Not Disclosed
Amazon Web Services EMEA SARL (Irish Branch),3.5,51341,,"Dublin, County Dublin",30+ days ago,Analytics Cloud Support Engineer- Portuguese Speaker,Not Disclosed,Not Disclosed,Not Disclosed,Not Disclosed
Irish Life,4.1,23,,"Dublin, County Dublin",29 days ago,Software Development Engineer in Test (SDET),Not Disclosed,Not Disclosed,Not Disclosed,Hybrid work
Mastercard,4,795,,"Dublin, County Dublin",30+ days ago,Lead Software Engineer,Not Disclosed,Not Disclosed,Not Disclosed,Not Disclosed
ING,0,0,,"Dublin, County Dublin",30+ days ago,Full Stack Engineer - Senior Developer,Not Disclosed,Not Disclosed,Not Disclosed,Not Disclosed
Mastercard,4,795,,"Dublin, County Dublin",30+ days ago,Lead Software Engineer (Real Time Payments),Not Disclosed,Not Disclosed,Not Disclosed,Not Disclosed
Amazon Development Centre Ireland Limited,3.5,51341,,"Dublin, County Dublin",30 days ago,"Software Development Engineer, Lambda Runtimes, AWS",Not Disclosed,Not Disclosed,Not Disclosed,Not Disclosed
TD Bank,0,0,,"Dublin, County Dublin",30+ days ago,Senior IT Developer,Not Disclosed,Not Disclosed,Not Disclosed,Not Disclosed
Amazon Data Services Ireland Limited,3.5,51341,,"Dublin, County Dublin",21 days ago,"Network Development Engineer , ESC",Not Disclosed,Not Disclosed,Not Disclosed,Not Disclosed
Groupon,3.6,903,,"Dublin, County Dublin",30+ days ago,"Software Development Engineer III, Data Engineering",Not Disclosed,Not Disclosed,Not Disclosed,Not Disclosed
Salesforce,4.2,1246,,"Dublin, County Dublin",30+ days ago,Platform Production Support (Trust) Full-Stack Software Engineer – LMTS,Not Disclosed,Not Disclosed,Not Disclosed,Not Disclosed
Sirius XM,0,0,,"Dublin, County Dublin",30+ days ago,Staff Software Engineer,Not Disclosed,Not Disclosed,Not Disclosed,Remote
Amazon Development Centre Ireland Limited,3.5,51341,,"Dublin, County Dublin",23 days ago,"Software Development Engineer, AWS Security",Not Disclosed,Not Disclosed,Not Disclosed,Not Disclosed
Microsoft,4.2,8633,,"Dublin, County Dublin",30+ days ago,Principal Software Engineer - Threat Intelligence,Not Disclosed,Not Disclosed,Not Disclosed,Not Disclosed
Adswizz,0,0,,"Dublin, County Dublin",30+ days ago,Software Engineer III - Automotive,Not Disclosed,Not Disclosed,Not Disclosed,Not Disclosed
Mastercard,4,795,,"Dublin, County Dublin",25 days ago,Senior Software Development Engineer in Test [QE],Not Disclosed,Not Disclosed,Not Disclosed,Not Disclosed
Merative,0,0,,"Dublin, County Dublin",30+ days ago,Senior Software Engineer,Not Disclosed,Not Disclosed,Not Disclosed,Not Disclosed
Amazon Data Services Ireland Limited,3.5,51341,,"Dublin, County Dublin",30+ days ago,"Security Engineer I, Security Incident Response Team (SIRT)",Not Disclosed,Not Disclosed,Not Disclosed,Not Disclosed
Meta,4.1,756,,"Dublin, County Dublin",30+ days ago,Production Systems Engineer,Not Disclosed,Not Disclosed,Not Disclosed,Not Disclosed
Amazon Data Services Ireland Limited,3.5,51341,,"Dublin, County Dublin",30+ days ago,"AWS Systems Security Engineer , AWS Trust & Safety",Not Disclosed,Not Disclosed,Not Disclosed,Not Disclosed
Microsoft,4.2,8633,,"Dublin, County Dublin",30+ days ago,Senior Software Engineer - Microsoft 365,Not Disclosed,Not Disclosed,Not Disclosed,Not Disclosed
Mastercard,4,795,,"Dublin, County Dublin",24 days ago,Lead Software Development Engineer in Test,Not Disclosed,Not Disclosed,Not Disclosed,Not Disclosed
Synopsys,0,0,,"Dublin, County Dublin",21 days ago,Senior AI Engineer,Not Disclosed,Not Disclosed,Not Disclosed,Not Disclosed
MongoDB,3.6,50,,"Dublin, County Dublin",30+ days ago,"Senior Software Engineer, Atlas Dedicated",Not Disclosed,Not Disclosed,Not Disclosed,Remote
Citco,3.3,397,,"Dublin, County Dublin",30+ days ago,Senior Test Engineer - Loan Services,Not Disclosed,Not Disclosed,Not Disclosed,Not Disclosed
Adswizz,0,0,,"Dublin, County Dublin",30+ days ago,Software Engineer III - Automotive,Not Disclosed,Not Disclosed,Not Disclosed,Not Disclosed
Mastercard,4,795,,"Dublin, County Dublin",25 days ago,Senior Software Development Engineer in Test [QE],Not Disclosed,Not Disclosed,Not Disclosed,Not Disclosed
Merative,0,0,,"Dublin, County Dublin",30+ days ago,Senior Software Engineer,Not Disclosed,Not Disclosed,Not Disclosed,Not Disclosed
Amazon Data Services Ireland Limited,3.5,51341,,"Dublin, County Dublin",30+ days ago,"Security Engineer I, Security Incident Response Team (SIRT)",Not Disclosed,Not Disclosed,Not Disclosed,Not Disclosed
Amazon Web Services EMEA SARL (Irish Branch),3.5,51341,,"Dublin, County Dublin",30+ days ago,Windows Cloud Support Engineer- French Speaker,Not Disclosed,Not Disclosed,Not Disclosed,Not Disclosed
"Mastercard, Inc.",4,795,,"Dublin, County Dublin",2 days ago,Senior Software Development Engineer,Not Disclosed,Not Disclosed,Not Disclosed,Not Disclosed
Meta,4.1,756,,"Dublin, County Dublin",30+ days ago,Production Systems Engineer,Not Disclosed,Not Disclosed,Not Disclosed,Not Disclosed
Amazon Data Services Ireland Limited,3.5,51341,,"Dublin, County Dublin",30+ days ago,"AWS Systems Security Engineer , AWS Trust & Safety",Not Disclosed,Not Disclosed,Not Disclosed,Not Disclosed
Mastercard,4,795,,"Dublin, County Dublin",24 days ago,Lead Software Development Engineer in Test,Not Disclosed,Not Disclosed,Not Disclosed,Not Disclosed
Amazon Development Centre Ireland Limited,3.5,51341,,"Dublin, County Dublin",3 days ago,"Software Development Engineer, Capacity Delivery Systems",Not Disclosed,Not Disclosed,Not Disclosed,Not Disclosed
Citco,3.3,397,,"Dublin, County Dublin",30+ days ago,Senior Test Engineer - Loan Services,Not Disclosed,Not Disclosed,Not Disclosed,Not Disclosed
Amazon Development Centre Ireland Limited,3.5,51341,,"Dublin, County Dublin",11 days ago,"Senior Software Development Engineer, Aurora Control Plane",Not Disclosed,Not Disclosed,Not Disclosed,Not Disclosed
Microsoft,4.2,8633,,"Dublin, County Dublin",30+ days ago,Software Engineer - Backend,Not Disclosed,Not Disclosed,Not Disclosed,Not Disclosed
MongoDB,3.6,50,,"Dublin, County Dublin",30+ days ago,"Senior Software Engineer, Atlas Dedicated",Not Disclosed,Not Disclosed,Not Disclosed,Remote
Synopsys,0,0,,"Dublin, County Dublin",21 days ago,Senior AI Engineer,Not Disclosed,Not Disclosed,Not Disclosed,Not Disclosed
Amazon Data Services Ireland Limited,3.5,51341,,"Dublin, County Dublin",30+ days ago,"Systems Development Engineer, Amazon Security Platform Engineering",Not Disclosed,Not Disclosed,Not Disclosed,Not Disclosed
Oracle,3.8,7350,,"Dublin, County Dublin",30+ days ago,Senior Support Solutions Engineer - (BSS/OSS) Telecom Applications,Not Disclosed,Not Disclosed,Not Disclosed,Not Disclosed
Amazon Data Services Ireland Limited,3.5,51341,,"Dublin, County Dublin",30+ days ago,"Security Engineer I, Security Incident Response Team (SIRT)",Not Disclosed,Not Disclosed,Not Disclosed,Not Disclosed
Amazon Web Services EMEA SARL (Irish Branch),3.5,51341,,"Dublin, County Dublin",25 days ago,Cloud Support Engineer - DMS (Mandarin speaker),Not Disclosed,Not Disclosed,Not Disclosed,Not Disclosed
Amazon Development Centre Ireland Limited,3.5,51341,,"Dublin, County Dublin",10 days ago,"System Development Engineer, AWS DNS",Not Disclosed,Not Disclosed,Not Disclosed,Not Disclosed
Adswizz,0,0,,"Dublin, County Dublin",30+ days ago,Senior Software Development Engineer in Test (SDET),Not Disclosed,Not Disclosed,Not Disclosed,Not Disclosed
Microsoft,4.2,8633,,"Dublin, County Dublin",30+ days ago,Software Engineer - Fullstack,Not Disclosed,Not Disclosed,Not Disclosed,Not Disclosed
Amazon Development Centre Ireland Limited,3.5,51341,,"Dublin, County Dublin",30+ days ago,"Sr. Software Dev Engineer, DCNE",Not Disclosed,Not Disclosed,Not Disclosed,Not Disclosed
Amazon Development Centre Ireland Limited - D94,3.5,51341,,"Dublin, County Dublin",Just posted,"Site Reliability Engineer, ESC Managed Operations",Not Disclosed,Not Disclosed,Not Disclosed,Not Disclosed
Autodesk,4.1,570,,"Dublin, County Dublin",16 days ago,Principal Software Engineer,Not Disclosed,Not Disclosed,Not Disclosed,Hybrid work
Rapid7,0,0,,"Dublin, County Dublin",30+ days ago,Lead Software Engineer - D&R,Not Disclosed,Not Disclosed,Not Disclosed,Not Disclosed
Amazon Data Services Ireland Limited,3.5,51341,,"Dublin, County Dublin",30+ days ago,"Network Development Engineer , ESC team",Not Disclosed,Not Disclosed,Not Disclosed,Not Disclosed
MongoDB,3.6,50,,"Dublin, County Dublin",30+ days ago,"Technical Services Engineer, Partner",Not Disclosed,Not Disclosed,Not Disclosed,Hybrid work
Synopsys,0,0,,"Dublin, County Dublin",21 days ago,Senior AI Engineer,Not Disclosed,Not Disclosed,Not Disclosed,Not Disclosed
"Mastercard, Inc.",4,795,,"Dublin, County Dublin",27 days ago,Software Engineer - II,Not Disclosed,Not Disclosed,Not Disclosed,Not Disclosed
Meta,4.1,756,,"Dublin, County Dublin",30+ days ago,"Production Systems Engineer, Hardware",Not Disclosed,Not Disclosed,Not Disclosed,Not Disclosed
Amazon Data Services Ireland Limited,3.5,51341,,"Dublin, County Dublin",30+ days ago,"Network Development Engineer , ESC team",Not Disclosed,Not Disclosed,Not Disclosed,Not Disclosed
Salesforce,4.2,1246,,"Dublin, County Dublin",30+ days ago,Technical Support Engineer - French speaking,Not Disclosed,Not Disclosed,Not Disclosed,Not Disclosed
MongoDB,3.6,50,,"Dublin, County Dublin",30+ days ago,"Technical Services Engineer, Partner",Not Disclosed,Not Disclosed,Not Disclosed,Hybrid work
State Street,3.5,3173,,"DUBLIN 2, County Dublin",1 day ago,"Sr. Software Engineer, Charles River Development, Assistant Vice President",Not Disclosed,Not Disclosed,Not Disclosed,Not Disclosed
Amazon Data Services Ireland Limited,3.5,51341,,"Dublin, County Dublin",30+ days ago,"Security Operations Engineer, AWS Security Cloud Response",Not Disclosed,Not Disclosed,Not Disclosed,Not Disclosed
Amazon Development Centre Ireland Limited,3.5,51341,,"Dublin, County Dublin",30+ days ago,"Software Development Manager, Network Lifecycle Management, Configuration Services",Not Disclosed,Not Disclosed,Not Disclosed,Not Disclosed
Amazon Development Centre Ireland Limited,3.5,51341,,"Dublin, County Dublin",1 day ago,"System Development Engineer II, Network Availability Engineering",Not Disclosed,Not Disclosed,Not Disclosed,Not Disclosed
Ding,3.8,8,,"Dublin, County Dublin",30+ days ago,Mid Level Engineer (Android),Not Disclosed,Not Disclosed,Not Disclosed,Hybrid work
MongoDB,3.6,50,,"Dublin, County Dublin",30+ days ago,"Senior Staff, Forward Deployed AI Engineer",Not Disclosed,Not Disclosed,Not Disclosed,Not Disclosed
Mastercard,4,795,,"Dublin, County Dublin",30+ days ago,BizOps Engineer II,Not Disclosed,Not Disclosed,Not Disclosed,Not Disclosed
Mastercard,4,795,,"Dublin, County Dublin",10 days ago,Lead Software Test Engineer,Not Disclosed,Not Disclosed,Not Disclosed,Not Disclosed
Citi,3.9,20153,,"Dublin, County Dublin",30+ days ago,Senior Blockchain Engineer (Citi Innovation Labs),Not Disclosed,Not Disclosed,Not Disclosed,Hybrid work
"Mastercard, Inc.",4,795,,"Dublin, County Dublin",8 days ago,Senior Software Test Engineer,Not Disclosed,Not Disclosed,Not Disclosed,Not Disclosed
Amazon Development Centre Ireland Limited,3.5,51341,,"Dublin, County Dublin",4 days ago,"Systems Development Engineer, Managed Operations",Not Disclosed,Not Disclosed,Not Disclosed,Not Disclosed
Amazon Development Centre Ireland Limited - D94,3.5,51341,,"Dublin, County Dublin",30+ days ago,"Sr. Systems Development Engineer, Managed Operations",Not Disclosed,Not Disclosed,Not Disclosed,Not Disclosed
Generation Success,0,0,,"Dublin, County Dublin",4 days ago,Graduate Java Developer – 2025 Programme,Not Disclosed,Not Disclosed,Not Disclosed,Not Disclosed
Test Triangle Software Services Pvt Ltd,0,0,,"Dublin, County Dublin",30+ days ago,Java Backend Developer,Not Disclosed,Not Disclosed,Not Disclosed,Hybrid work
SR Ltd,0,0,,"Dublin, County Dublin",12 days ago,Senior Java Developer,100000,60000,yearly,Hybrid work
Openmind Networks,4.7,3,,"Dublin, County Dublin",8 days ago,Software Developer,Not Disclosed,Not Disclosed,Not Disclosed,Not Disclosed
DIGITARY AUS,0,0,,"Dublin, County Dublin",30+ days ago,"Java Software Engineer, I (Digitary)",Not Disclosed,Not Disclosed,Not Disclosed,Not Disclosed
Test Triangle Software Services Pvt Ltd,0,0,,"Dublin, County Dublin",30+ days ago,Java Full Stack Developer,Not Disclosed,Not Disclosed,Not Disclosed,Not Disclosed
Currenxie,0,0,,"Dublin, County Dublin",30+ days ago,Senior / Backend Developer,Not Disclosed,Not Disclosed,Not Disclosed,Not Disclosed
Flywheel Digital,0,0,,"Dublin, County Dublin",30+ days ago,Full Stack Developer,Not Disclosed,Not Disclosed,Not Disclosed,Not Disclosed
ServiceNow,3.8,274,,"Dublin, County Dublin",30+ days ago,Sr Software Engineer,Not Disclosed,Not Disclosed,Not Disclosed,Not Disclosed
Version 1,3.8,35,,"Dublin, County Dublin",3 days ago,Full Stack Developer (Java and Angular),Not Disclosed,Not Disclosed,Not Disclosed,Not Disclosed
BearingPoint Ireland,0,0,,"Dublin, County Dublin",23 days ago,Full Stack Developers (Java),Not Disclosed,Not Disclosed,Not Disclosed,Hybrid work
Insight UK Ltd,0,0,,"Dublin, County Dublin",23 days ago,Full Stack Developer,91434.2,46484.4,yearly,Not Disclosed
Grouper,0,0,,"Dublin, County Dublin",30+ days ago,Backend Software Engineer,Not Disclosed,Not Disclosed,Not Disclosed,Hybrid work
ServiceNow,3.8,274,,"Dublin, County Dublin",30+ days ago,Staff Software Engineer,Not Disclosed,Not Disclosed,Not Disclosed,Not Disclosed
Amazon Development Centre Ireland Limited - D94,3.5,51341,,"Dublin, County Dublin",30+ days ago,"Senior Software Development Engineer, AWS Security SecDevOps",Not Disclosed,Not Disclosed,Not Disclosed,Not Disclosed
Amazon Web Services EMEA SARL (Irish Branch),3.5,51341,,"Dublin, County Dublin",30+ days ago,Cloud Support Engineer (Korean speaker),Not Disclosed,Not Disclosed,Not Disclosed,Not Disclosed
Citi,3.9,20153,,"Dublin, County Dublin",30+ days ago,Senior SRE/Observability Engineer,Not Disclosed,Not Disclosed,Not Disclosed,Not Disclosed
Sirius XM,0,0,,"Dublin, County Dublin",30+ days ago,Software Engineer III - Automotive,Not Disclosed,Not Disclosed,Not Disclosed,Remote
Amazon Development Centre Ireland Limited - D94,3.5,51341,,"Dublin, County Dublin",30+ days ago,"Systems Engineer, Managed Operations",Not Disclosed,Not Disclosed,Not Disclosed,Not Disclosed
Amazon Development Centre Ireland Limited - D94,3.5,51341,,"Dublin, County Dublin",30+ days ago,"Platform Engineer, Managed Operations",Not Disclosed,Not Disclosed,Not Disclosed,Not Disclosed
Meta,4.1,756,,"Dublin, County Dublin",30+ days ago,Production Engineer,Not Disclosed,Not Disclosed,Not Disclosed,Not Disclosed
MongoDB,3.6,50,,"Dublin, County Dublin",30+ days ago,"Staff Engineer, Cloud Provider Billing",Not Disclosed,Not Disclosed,Not Disclosed,Remote
Amazon Web Services EMEA SARL (Irish Branch),3.5,51341,,"Dublin, County Dublin",30+ days ago,"Cloud Support Engineer (Japanese Speaker), AWS Support Engineering",Not Disclosed,Not Disclosed,Not Disclosed,Not Disclosed
Gong.io Inc.,0,0,,"Dublin, County Dublin",30+ days ago,Sr. Product Security Engineer,Not Disclosed,Not Disclosed,Not Disclosed,Not Disclosed
"Mastercard, Inc.",4,795,,"Dublin, County Dublin",8 days ago,Lead Software Test Engineer,Not Disclosed,Not Disclosed,Not Disclosed,Not Disclosed
Amazon Web Services EMEA SARL (Irish Branch),3.5,51341,,"Dublin, County Dublin",30+ days ago,Containers Cloud Support Engineer,Not Disclosed,Not Disclosed,Not Disclosed,Not Disclosed
Amazon Web Services EMEA SARL (Irish Branch),3.5,51341,,"Dublin, County Dublin",30+ days ago,"BigData Cloud Support Engineer- Spanish Speaker, Cloud Support Eng. II (NINF)",Not Disclosed,Not Disclosed,Not Disclosed,Not Disclosed
Amazon Web Services EMEA SARL (Irish Branch),3.5,51341,,"Dublin, County Dublin",30+ days ago,Deployment Cloud Support Engineer- Portuguese Speaker,Not Disclosed,Not Disclosed,Not Disclosed,Not Disclosed
TikTok,3.3,259,,"Dublin, County Dublin",30+ days ago,"Site Reliability Engineer, Traffic - Infrastructure Engineering",Not Disclosed,Not Disclosed,Not Disclosed,Not Disclosed
Datadog,3.9,46,,"Dublin, County Dublin",30 days ago,Technical Escalations Engineer 2 (Agent Integration),Not Disclosed,Not Disclosed,Not Disclosed,Hybrid work
Elwood Roberts Ltd,0,0,,"North Dublin, County Dublin",15 days ago,Software Engineer Manager,100787.37,71358.6,yearly,Not Disclosed
Teckro Limited,2.5,4,,"Dublin, County Dublin",30+ days ago,Senior Backend Software Engineer,Not Disclosed,Not Disclosed,Not Disclosed,Hybrid work
Adroit People Ltd.,0,0,,"Dublin, County Dublin",23 days ago,Senior Software Engineer,75000,70000,yearly,Not Disclosed
Adroit People India Pvt. Ltd.,0,0,,"Rathmines, County Dublin",23 days ago,Senior Software Engineer,60000,55000,yearly,Not Disclosed
"Fanatics, Inc.",0,0,,County Dublin,10 days ago,Software Engineer III (Java/Spring Boot),Not Disclosed,Not Disclosed,Not Disclosed,Not Disclosed
HubSpot,4,90,,"Dublin, County Dublin",15 days ago,"Senior Java Software Engineer, Backend",Not Disclosed,Not Disclosed,Not Disclosed,Remote
G2i Inc.,0,0,,"Dublin, County Dublin",12 days ago,Software Engineer for Training AI Data,Not Disclosed,Not Disclosed,Not Disclosed,Remote
Test Triangle Software Services Pvt Ltd,0,0,,"Dublin, County Dublin",26 days ago,Software Development Engineer in Test (SDET),Not Disclosed,Not Disclosed,Not Disclosed,Not Disclosed
HubSpot,4,90,,"Dublin, County Dublin",11 days ago,"Technical Lead I, Backend Software Development - Infrastructure",Not Disclosed,Not Disclosed,Not Disclosed,Not Disclosed
HubSpot,4,90,,"Dublin, County Dublin",30+ days ago,"Senior Software Engineer, Fullstack",Not Disclosed,Not Disclosed,Not Disclosed,Not Disclosed
Currenxie,0,0,,"Dublin, County Dublin",23 days ago,Senior Mobile / React Native Developer,Not Disclosed,Not Disclosed,Not Disclosed,Hybrid work
Datalex,3.3,10,,"Dublin, County Dublin",30+ days ago,Senior Software Engineer (Engineering Services),Not Disclosed,Not Disclosed,Not Disclosed,Not Disclosed
Sojern,0,0,,"Dublin, County Dublin",24 days ago,Senior Software Development Manager,Not Disclosed,Not Disclosed,Not Disclosed,Not Disclosed
HubSpot,4,90,,"Dublin, County Dublin",22 days ago,"Senior Software Engineer II, MLOps, Retrieval Infra",Not Disclosed,Not Disclosed,Not Disclosed,Not Disclosed
Amazon Web Services EMEA SARL (Irish Branch),3.5,51341,,"Dublin, County Dublin",30+ days ago,"Security Engineer, AWS Managed Services, AWS Managed Services",Not Disclosed,Not Disclosed,Not Disclosed,Not Disclosed
Salesforce,4.2,1246,,"Dublin, County Dublin",30+ days ago,Technical Support Engineer - German speaking,Not Disclosed,Not Disclosed,Not Disclosed,Not Disclosed
Amazon Development Centre Ireland Limited - D94,3.5,51341,,"Dublin, County Dublin",30+ days ago,"Principal Systems Development Engineer, Managed Operations",Not Disclosed,Not Disclosed,Not Disclosed,Not Disclosed
Amazon Development Centre Ireland Limited - D94,3.5,51341,,"Dublin, County Dublin",30+ days ago,"DevOps Engineer - Coding, Managed Operations",Not Disclosed,Not Disclosed,Not Disclosed,Not Disclosed
Amazon Development Centre Ireland Limited,3.5,51341,,"Dublin, County Dublin",30+ days ago,"Senior SW Development Engineer, Network Lifecycle Management, Configuration Services",Not Disclosed,Not Disclosed,Not Disclosed,Not Disclosed
Amazon Development Centre Ireland Limited - D94,3.5,51341,,"Dublin, County Dublin",30+ days ago,"Sr. Systems Development Engineer, Managed Operations",Not Disclosed,Not Disclosed,Not Disclosed,Not Disclosed
Test Triangle Software Services Pvt Ltd,0,0,,"Dublin, County Dublin",30+ days ago,Java Backend Developer,Not Disclosed,Not Disclosed,Not Disclosed,Hybrid work
Generation Success,0,0,,"Dublin, County Dublin",4 days ago,Graduate Java Developer – 2025 Programme,Not Disclosed,Not Disclosed,Not Disclosed,Not Disclosed
SR Ltd,0,0,,"Dublin, County Dublin",12 days ago,Senior Java Developer,100000,60000,yearly,Hybrid work
Openmind Networks,4.7,3,,"Dublin, County Dublin",8 days ago,Software Developer,Not Disclosed,Not Disclosed,Not Disclosed,Not Disclosed
DIGITARY AUS,0,0,,"Dublin, County Dublin",30+ days ago,"Java Software Engineer, I (Digitary)",Not Disclosed,Not Disclosed,Not Disclosed,Not Disclosed
ServiceNow,3.8,274,,"Dublin, County Dublin",30+ days ago,Staff Software Engineer,Not Disclosed,Not Disclosed,Not Disclosed,Not Disclosed
ServiceNow,3.8,274,,"Dublin, County Dublin",4 days ago,Technical Support Engineer,Not Disclosed,Not Disclosed,Not Disclosed,Not Disclosed
BearingPoint Ireland,0,0,,"Dublin, County Dublin",23 days ago,Full Stack Developers (Java),Not Disclosed,Not Disclosed,Not Disclosed,Hybrid work
Test Triangle Software Services Pvt Ltd,0,0,,"Dublin, County Dublin",30+ days ago,Java Full Stack Developer,Not Disclosed,Not Disclosed,Not Disclosed,Not Disclosed
Insight UK Ltd,0,0,,"Dublin, County Dublin",23 days ago,Full Stack Developer,91434.2,46484.4,yearly,Not Disclosed
Version 1,3.8,35,,"Dublin, County Dublin",3 days ago,Full Stack Developer (Java and Angular),Not Disclosed,Not Disclosed,Not Disclosed,Not Disclosed
Grouper,0,0,,"Dublin, County Dublin",30+ days ago,Backend Software Engineer,Not Disclosed,Not Disclosed,Not Disclosed,Hybrid work
BearingPoint Ireland,0,0,,"Dublin, County Dublin",23 days ago,Full Stack Developers (Java),Not Disclosed,Not Disclosed,Not Disclosed,Hybrid work
ServiceNow,3.8,274,,"Dublin, County Dublin",4 days ago,Technical Support Engineer,Not Disclosed,Not Disclosed,Not Disclosed,Not Disclosed
Arista Networks,0,0,,"Dublin, County Dublin",30+ days ago,Graduate/Intern Software Engineer,Not Disclosed,Not Disclosed,Not Disclosed,Not Disclosed
Stay Planet,0,0,,"Dublin, County Dublin",30+ days ago,Erasmus Web Developer,Not Disclosed,Not Disclosed,Not Disclosed,Not Disclosed
Test Triangle Software Services Pvt Ltd,0,0,,"Dublin, County Dublin",23 days ago,Full Stack Developer,Not Disclosed,Not Disclosed,Not Disclosed,Not Disclosed
Sojern,0,0,,"Dublin, County Dublin",30 days ago,Staff Software Engineer,Not Disclosed,Not Disclosed,Not Disclosed,Not Disclosed
"Fanatics, Inc.",0,0,,County Dublin,10 days ago,Software Engineer II (Java/Spring Boot),Not Disclosed,Not Disclosed,Not Disclosed,Not Disclosed
SR Ltd,0,0,,"Dublin, County Dublin",16 days ago,Senior Mobile Developer,90000,55000,yearly,Not Disclosed
ServiceNow,3.8,274,,"Dublin, County Dublin",30+ days ago,Sr Software Engineer,Not Disclosed,Not Disclosed,Not Disclosed,Not Disclosed
Hard Rock Digital,3.9,4078,,"Dublin, County Dublin",30+ days ago,Sportsbook Research & Development Quantitative Analyst,Not Disclosed,Not Disclosed,Not Disclosed,Hybrid work
Compass Education,0,0,,"Dublin, County Dublin",30+ days ago,Mid-Level Full-Stack Developer (React / .NET),Not Disclosed,Not Disclosed,Not Disclosed,Hybrid work
Test Triangle Software Services Pvt Ltd,0,0,,"Dublin, County Dublin",26 days ago,Performance Engineer - Senior Java Developer,Not Disclosed,Not Disclosed,Not Disclosed,Not Disclosed
Voxbet,0,0,,"Dublin West, County Dublin",23 days ago,Senior Software Engineer,Not Disclosed,Not Disclosed,Not Disclosed,Not Disclosed
Hard Rock Digital,3.9,4078,,"Dublin, County Dublin",30+ days ago,Sportsbook Research & Development Quantitative Analyst,Not Disclosed,Not Disclosed,Not Disclosed,Hybrid work
ServiceNow,3.8,274,,"Dublin, County Dublin",9 days ago,Senior Technical Support Engineer,Not Disclosed,Not Disclosed,Not Disclosed,Not Disclosed
Grouper,0,0,,"Dublin, County Dublin",30+ days ago,Senior Software Developer,Not Disclosed,Not Disclosed,Not Disclosed,Hybrid work
Distilled,0,0,,"Dublin, County Dublin",17 days ago,Senior Software Engineer - Daft.ie,Not Disclosed,Not Disclosed,Not Disclosed,Hybrid work
Teckro Limited,2.5,4,,"Dublin, County Dublin",30+ days ago,Senior Backend Software Engineer,Not Disclosed,Not Disclosed,Not Disclosed,Hybrid work
ServiceNow,3.8,274,,"Dublin, County Dublin",10 days ago,Senior Technical Support Engineer - Performance (Weekend shift pattern),Not Disclosed,Not Disclosed,Not Disclosed,Not Disclosed
HubSpot,4,90,,"Dublin, County Dublin",15 days ago,"Senior Java Software Engineer, Backend",Not Disclosed,Not Disclosed,Not Disclosed,Remote
Elwood Roberts Ltd,0,0,,"North Dublin, County Dublin",15 days ago,Software Engineer Manager,100787.37,71358.6,yearly,Not Disclosed
Adroit People Ltd.,0,0,,"Dublin, County Dublin",23 days ago,Senior Software Engineer,75000,70000,yearly,Not Disclosed
Adroit People India Pvt. Ltd.,0,0,,"Rathmines, County Dublin",23 days ago,Senior Software Engineer,60000,55000,yearly,Not Disclosed
Datadog,3.9,46,,"Dublin, County Dublin",30 days ago,Technical Escalations Engineer 2 (Agent Integration),Not Disclosed,Not Disclosed,Not Disclosed,Hybrid work
Test Triangle Software Services Pvt Ltd,0,0,,"Dublin, County Dublin",26 days ago,Software Development Engineer in Test (SDET),Not Disclosed,Not Disclosed,Not Disclosed,Not Disclosed
Currenxie,0,0,,"Dublin, County Dublin",23 days ago,Senior Mobile / React Native Developer,Not Disclosed,Not Disclosed,Not Disclosed,Hybrid work
Datadog,3.9,46,,"Dublin, County Dublin",30+ days ago,Technical Escalation Engineer 2 (Serverless),Not Disclosed,Not Disclosed,Not Disclosed,Hybrid work
G2i Inc.,0,0,,"Dublin, County Dublin",12 days ago,Software Engineer for Training AI Data,Not Disclosed,Not Disclosed,Not Disclosed,Remote
HubSpot,4,90,,"Dublin, County Dublin",30+ days ago,"Senior Software Engineer, Backend",Not Disclosed,Not Disclosed,Not Disclosed,Remote
HubSpot,4,90,,"Dublin, County Dublin",30+ days ago,"Senior Software Engineer, Fullstack",Not Disclosed,Not Disclosed,Not Disclosed,Not Disclosed
HubSpot,4,90,,"Dublin, County Dublin",11 days ago,"Technical Lead I, Backend Software Development - Infrastructure",Not Disclosed,Not Disclosed,Not Disclosed,Not Disclosed
Sojern,0,0,,"Dublin, County Dublin",24 days ago,Senior Software Development Manager,Not Disclosed,Not Disclosed,Not Disclosed,Not Disclosed
CR2,4,5,,"Dublin, County Dublin",18 days ago,Performance Test Engineer,Not Disclosed,Not Disclosed,Not Disclosed,Hybrid work
HubSpot,4,90,,"Dublin, County Dublin",22 days ago,"Senior Software Engineer II, MLOps, Retrieval Infra",Not Disclosed,Not Disclosed,Not Disclosed,Not Disclosed
Phorest,4.3,10,,"DUBLIN 7, County Dublin",30+ days ago,Senior Software Engineer - Salon Ops,Not Disclosed,Not Disclosed,Not Disclosed,Hybrid work
Adroit People Ltd.,0,0,,"Dublin, County Dublin",23 days ago,Sr S/W Engineer- Fullstack development _ React Js,Not Disclosed,Not Disclosed,Not Disclosed,Not Disclosed
Test Triangle Software Services Pvt Ltd,0,0,,"Dublin, County Dublin",23 days ago,Tech Lead - Fullstack development _ Angular JS,Not Disclosed,Not Disclosed,Not Disclosed,Not Disclosed
Datadog,3.9,46,,"Dublin, County Dublin",30+ days ago,Technical Escalation Engineer 2 (Synthetics),Not Disclosed,Not Disclosed,Not Disclosed,Hybrid work
Adroit People,0,0,,"Dublin, County Dublin",23 days ago,Tech Lead - Fullstack development _ Angular JS,-1,95000,yearly,Not Disclosed
Quantexa,0,0,,"Dublin, County Dublin",22 days ago,Scala Engineer,100000,60000,yearly,Not Disclosed
Sojern,0,0,,"Dublin, County Dublin",30 days ago,Senior Software Engineer,Not Disclosed,Not Disclosed,Not Disclosed,Not Disclosed
Luminary Group,0,0,,"Dublin, County Dublin",30+ days ago,Embedded Software Engineer - Leading Digital Health Business - Romania,Not Disclosed,Not Disclosed,Not Disclosed,Hybrid work
Feeld,0,0,,"Dublin, County Dublin",30+ days ago,Principal Backend Engineer,215000,160000,yearly,Remote
Datalex,3.3,10,,"Dublin, County Dublin",30+ days ago,Senior Software Engineer (Engineering Services),Not Disclosed,Not Disclosed,Not Disclosed,Not Disclosed
Manna,0,0,,"Dublin, County Dublin",28 days ago,Lead Software Engineer,Not Disclosed,Not Disclosed,Not Disclosed,Hybrid work
FalconSmartIT,0,0,,"Dublin, County Dublin",30+ days ago,Senior ETL Engineer,Not Disclosed,Not Disclosed,Not Disclosed,Not Disclosed
Test Triangle Software Services Pvt Ltd,0,0,,"Dublin, County Dublin",26 days ago,Performance Engineer,Not Disclosed,Not Disclosed,Not Disclosed,Not Disclosed
Grouper,0,0,,"Dublin, County Dublin",30+ days ago,Cloud Platform Engineer,Not Disclosed,Not Disclosed,Not Disclosed,Remote
Grouper,0,0,,"Dublin, County Dublin",30+ days ago,Senior Software Engineer - Licensing Management,Not Disclosed,Not Disclosed,Not Disclosed,Hybrid work
Flywheel Digital,0,0,,"Dublin, County Dublin",3 days ago,Senior Fullstack Engineer,Not Disclosed,Not Disclosed,Not Disclosed,Not Disclosed
ServiceNow,3.8,274,,"Dublin, County Dublin",16 days ago,Senior Technical Support Engineer - 24/7 Rotation Shifts,Not Disclosed,Not Disclosed,Not Disclosed,Not Disclosed
Crypto.com,0,0,,"Dublin, County Dublin",30+ days ago,Rust Engineer (Greenfield project),Not Disclosed,Not Disclosed,Not Disclosed,Hybrid work
Luminary Group,0,0,,"Dublin, County Dublin",30+ days ago,Embedded Engineer - Leading Digital Health Business - Dublin,Not Disclosed,Not Disclosed,Not Disclosed,Hybrid work
Aneto Digital,0,0,,"Dublin, County Dublin",30+ days ago,Site Reliability Engineer (DevOps),65000,50000,yearly,Not Disclosed
Test Triangle Software Services Pvt Ltd,0,0,,"Dublin, County Dublin",23 days ago,Sr Software Engineer- Fullstack development _ React Js,Not Disclosed,Not Disclosed,Not Disclosed,Not Disclosed
"Tenable, Inc.",3.3,50,,"Dublin, County Dublin",30+ days ago,Devops Senior Build Engineer,Not Disclosed,Not Disclosed,Not Disclosed,Not Disclosed
M-KOPA,0,0,,"Dublin, County Dublin",30+ days ago,Senior Analytics Engineer,Not Disclosed,Not Disclosed,Not Disclosed,Not Disclosed
HubSpot,4,90,,"Dublin, County Dublin",30+ days ago,Senior Offensive Security Engineer,Not Disclosed,Not Disclosed,Not Disclosed,Not Disclosed
Infoplus Technologies UK Ltd,0,0,,"Dublin, County Dublin",5 days ago,Senior DevOps Engineer,113000,0,yearly,Not Disclosed
FalconSmartIT,0,0,,"Dublin, County Dublin",30+ days ago,Senior ETL Engineer,Not Disclosed,Not Disclosed,Not Disclosed,Not Disclosed
Manna,0,0,,"Dublin, County Dublin",28 days ago,Lead Software Engineer,Not Disclosed,Not Disclosed,Not Disclosed,Hybrid work
Test Triangle Software Services Pvt Ltd,0,0,,"Dublin, County Dublin",26 days ago,Performance Engineer,Not Disclosed,Not Disclosed,Not Disclosed,Not Disclosed
Grouper,0,0,,"Dublin, County Dublin",30+ days ago,Cloud Platform Engineer,Not Disclosed,Not Disclosed,Not Disclosed,Remote
Grouper,0,0,,"Dublin, County Dublin",30+ days ago,Senior Software Engineer - Licensing Management,Not Disclosed,Not Disclosed,Not Disclosed,Hybrid work
Flywheel Digital,0,0,,"Dublin, County Dublin",3 days ago,Senior Fullstack Engineer,Not Disclosed,Not Disclosed,Not Disclosed,Not Disclosed
ServiceNow,3.8,274,,"Dublin, County Dublin",16 days ago,Senior Technical Support Engineer - 24/7 Rotation Shifts,Not Disclosed,Not Disclosed,Not Disclosed,Not Disclosed
Luminary Group,0,0,,"Dublin, County Dublin",30+ days ago,Embedded Engineer - Leading Digital Health Business - Dublin,Not Disclosed,Not Disclosed,Not Disclosed,Hybrid work
Crypto.com,0,0,,"Dublin, County Dublin",30+ days ago,Rust Engineer (Greenfield project),Not Disclosed,Not Disclosed,Not Disclosed,Hybrid work
Aneto Digital,0,0,,"Dublin, County Dublin",30+ days ago,Site Reliability Engineer (DevOps),65000,50000,yearly,Not Disclosed
M-KOPA,0,0,,"Dublin, County Dublin",30+ days ago,Senior Analytics Engineer,Not Disclosed,Not Disclosed,Not Disclosed,Not Disclosed
Test Triangle Software Services Pvt Ltd,0,0,,"Dublin, County Dublin",23 days ago,Sr Software Engineer- Fullstack development _ React Js,Not Disclosed,Not Disclosed,Not Disclosed,Not Disclosed
HubSpot,4,90,,"Dublin, County Dublin",30+ days ago,Senior Offensive Security Engineer,Not Disclosed,Not Disclosed,Not Disclosed,Not Disclosed
Infoplus Technologies UK Ltd,0,0,,"Dublin, County Dublin",5 days ago,Senior DevOps Engineer,113000,0,yearly,Not Disclosed
"Tenable, Inc.",3.3,50,,"Dublin, County Dublin",30+ days ago,Devops Senior Build Engineer,Not Disclosed,Not Disclosed,Not Disclosed,Not Disclosed
Manna,0,0,,"Dublin, County Dublin",28 days ago,Lead Software Engineer,Not Disclosed,Not Disclosed,Not Disclosed,Hybrid work
Feeld,0,0,,"Dublin, County Dublin",30+ days ago,Principal Backend Engineer,215000,160000,yearly,Remote
CR2,4,5,,"Dublin, County Dublin",18 days ago,Performance Test Engineer,Not Disclosed,Not Disclosed,Not Disclosed,Hybrid work
Test Triangle Software Services Pvt Ltd,0,0,,"Dublin, County Dublin",23 days ago,Tech Lead - Fullstack development _ Angular JS,Not Disclosed,Not Disclosed,Not Disclosed,Not Disclosed
Flywheel Digital,0,0,,"Dublin, County Dublin",3 days ago,Senior Fullstack Engineer,Not Disclosed,Not Disclosed,Not Disclosed,Not Disclosed
Adroit People,0,0,,"Dublin, County Dublin",23 days ago,Tech Lead - Fullstack development _ Angular JS,-1,95000,yearly,Not Disclosed
Grouper,0,0,,"Dublin, County Dublin",30+ days ago,Senior Software Engineer - Licensing Management,Not Disclosed,Not Disclosed,Not Disclosed,Hybrid work
Luminary Group,0,0,,"Dublin, County Dublin",30+ days ago,Embedded Engineer - Leading Digital Health Business - Dublin,Not Disclosed,Not Disclosed,Not Disclosed,Hybrid work
Aneto Digital,0,0,,"Dublin, County Dublin",30+ days ago,Site Reliability Engineer (DevOps),65000,50000,yearly,Not Disclosed
Grouper,0,0,,"Dublin, County Dublin",30+ days ago,Cloud Platform Engineer,Not Disclosed,Not Disclosed,Not Disclosed,Remote
M-KOPA,0,0,,"Dublin, County Dublin",30+ days ago,Senior Analytics Engineer,Not Disclosed,Not Disclosed,Not Disclosed,Not Disclosed
Test Triangle Software Services Pvt Ltd,0,0,,"Dublin, County Dublin",23 days ago,Sr Software Engineer- Fullstack development _ React Js,Not Disclosed,Not Disclosed,Not Disclosed,Not Disclosed
HubSpot,4,90,,"Dublin, County Dublin",30+ days ago,Senior Offensive Security Engineer,Not Disclosed,Not Disclosed,Not Disclosed,Not Disclosed
Infoplus Technologies UK Ltd,0,0,,"Dublin, County Dublin",5 days ago,Senior DevOps Engineer,113000,0,yearly,Not Disclosed
"Tenable, Inc.",3.3,50,,"Dublin, County Dublin",30+ days ago,Devops Senior Build Engineer,Not Disclosed,Not Disclosed,Not Disclosed,Not Disclosed
